<?xml version="1.0" encoding="UTF-8" ?>
<!DOCTYPE mapper
        PUBLIC "-//mybatis.org//DTD Mapper 3.0//EN"
        "https://mybatis.org/dtd/mybatis-3-mapper.dtd">
<!--namespace:命名空间，将xml文件和dao层文件进行绑定-->
<mapper namespace="com.orderfood.app.dao.DishDao">
    <insert id="insert">
        insert into desk(dish_name,dish_num,price)values(#{dish_name},#{dish_num},#{price})
    </insert>

    <select id="listPaqer" resultType="com.orderfood.app.bean.Dish">
        select * from dish
        <where>
            <if test="dish_name != null and dish_name != ''">
                dish_name like '%${dish_name}%'
            </if>
        </where>
        limit #{page},#{size}
    </select>
    <select id="count" resultType="java.lang.Integer">
        SELECT COUNT(dish_id) FROM dish
        <where>
            <if test="dish_name != null and dish_name != ''">
                dish_name like '%${dish_name}%'
            </if>
        </where>
    </select>
</mapper>