<?xml version="1.0" encoding="UTF-8" ?>
<!DOCTYPE mapper
        PUBLIC "-//mybatis.org//DTD Mapper 3.0//EN"
        "https://mybatis.org/dtd/mybatis-3-mapper.dtd">
<mapper namespace="com.orderfood.app.dao.ShellDishDao">
    <select id="listPager" resultType="com.orderfood.app.bean.Dish">
        select * from dish
        <where>
            <if test="dish_name!=null and dish_name!=''">
                dish_name like '%${dish_name}%'
            </if>
        </where>
        limit #{page},#{size}
    </select>
    <select id="count" resultType="java.lang.Integer">
        SELECT COUNT(dish_id) FROM dish
    </select>
    <delete id="delete">
        delete from dish where dish_id=#{dish_id}
<!--        update dish set deleted=1 where dish_id=#{dish_id}-->
    </delete>
    <insert id="save">
        insert into dish(dish_name,price,dish_des)
        value(#{dish_name},#{price},#{dish_des})
    </insert>
    <update id="update">
        UPDATE dish SET dish_name=#{dish_name}, price=#{price}, dish_des=#{dish_des} WHERE dish_id=#{dish_id}
    </update>
</mapper>